ResNum,ResName
2076,GLY
2077,PRO
2078,VAL
2079,SER
2080,LEU
2081,SER
2082,THR
2083,PRO
2084,ALA
2085,GLN
2086,LEU
2087,VAL
2088,ALA
2089,PRO
2090,SER
2091,VAL
2092,VAL
2093,VAL
2094,LYS
2095,GLY
2096,THR
2097,LEU
2098,SER
2099,VAL
2100,THR
2101,SER
2102,SER
2103,GLU
2104,LEU
2105,TYR
2106,PHE
2107,GLU
2108,VAL
2109,ASP
2110,GLU
2111,GLU
2112,ASP
2113,PRO
2114,ASN
2115,PHE
2116,LYS
2117,LYS
2118,ILE
2119,ASP
2120,PRO
2121,LYS
2122,ILE
2123,LEU
2124,ALA
2125,TYR
2126,THR
2127,GLU
2128,GLY
2129,LEU
2130,HIS
2131,GLY
2132,LYS
2133,TRP
2134,LEU
2135,PHE
2136,THR
2137,GLU
2138,ILE
2139,ARG
2140,SER
2141,ILE
2142,PHE
2143,SER
2144,ARG
2145,ARG
2146,TYR
2147,LEU
2148,LEU
2149,GLN
2150,ASN
2151,THR
2152,ALA
2153,LEU
2154,GLU
2155,ILE
2156,PHE
2157,MET
2158,ALA
2159,ASN
2160,ARG
2161,VAL
2162,ALA
2163,VAL
2164,MET
2165,PHE
2166,ASN
2167,PHE
2168,PRO
2169,ASP
2170,PRO
2171,ALA
2172,THR
2173,VAL
2174,LYS
2175,LYS
2176,VAL
2177,VAL
2178,ASN
2179,PHE
2180,LEU
2181,PRO
2182,ARG
2183,VAL
2184,GLY
2185,VAL
2186,GLY
2187,THR
2188,SER
2189,PHE
2190,GLY
2191,LEU
2192,PRO
2193,GLN
2194,THR
2195,ARG
2196,ARG
2197,ILE
2198,SER
2199,LEU
2200,ALA
2201,SER
2202,PRO
2203,ARG
2204,GLN
2205,LEU
2206,PHE
2207,LYS
2208,ALA
2209,SER
2210,ASN
2211,MET
2212,THR
2213,GLN
2214,ARG
2215,TRP
2216,GLN
2217,HIS
2218,ARG
2219,GLU
2220,ILE
2221,SER
2222,ASN
2223,PHE
2224,GLU
2225,TYR
2226,LEU
2227,MET
2228,PHE
2229,LEU
2230,ASN
2231,THR
2232,ILE
2233,ALA
2234,GLY
2235,ARG
2236,SER
2237,TYR
2238,ASN
2239,ASP
2240,LEU
2241,ASN
2242,GLN
2243,TYR
2244,PRO
2245,VAL
2246,PHE
2247,PRO
2248,TRP
2249,VAL
2250,ILE
2251,THR
2252,ASN
2253,TYR
2254,GLU
2255,SER
2256,GLU
2257,GLU
2258,LEU
2259,ASP
2260,LEU
2261,THR
2262,LEU
2263,PRO
2264,THR
2265,ASN
2266,PHE
2267,ARG
2268,ASP
2269,LEU
2270,SER
2271,LYS
2272,PRO
2273,ILE
2274,GLY
2275,ALA
2276,LEU
2277,ASN
2278,PRO
2279,LYS
2280,ARG
2281,ALA
2282,ALA
2283,PHE
2284,PHE
2285,ALA
2286,GLU
2287,ARG
2288,TYR
2289,GLU
2290,SER
2291,TRP
2292,GLU
2293,ASP
2294,ASP
2295,GLN
2296,VAL
2297,PRO
2298,LYS
2299,PHE
2300,HIS
2301,TYR
2302,GLY
2303,THR
2304,HIS
2305,TYR
2306,SER
2307,THR
2308,ALA
2309,SER
2310,PHE
2311,VAL
2312,LEU
2313,ALA
2314,TRP
2315,LEU
2316,LEU
2317,ARG
2318,ILE
2319,GLU
2320,PRO
2321,PHE
2322,THR
2323,THR
2324,TYR
2325,PHE
2326,LEU
2327,ASN
2328,LEU
2329,GLN
2330,GLY
2331,GLY
2332,LYS
2333,PHE
2334,ASP
2335,HIS
2336,ALA
2337,ASP
2338,ARG
2339,THR
2340,PHE
2341,SER
2342,SER
2343,ILE
2344,SER
2345,ARG
2346,ALA
2347,TRP
2348,ARG
2349,ASN
2350,SER
2351,GLN
2352,ARG
2353,ASP
2354,THR
2355,SER
2356,ASP
2357,ILE
2358,LYS
2359,GLU
2360,LEU
2361,ILE
2362,PRO
2363,GLU
2364,PHE
2365,TYR
2366,TYR
2367,LEU
2368,PRO
2369,GLU
2370,MET
2371,PHE
2372,VAL
2373,ASN
2374,PHE
2375,ASN
2376,ASN
2377,TYR
2378,ASN
2379,LEU
2380,GLY
2381,VAL
2382,MET
2383,ASP
2384,ASP
2385,GLY
2386,THR
2387,VAL
2388,VAL
2389,SER
2390,ASP
2391,VAL
2392,GLU
2393,LEU
2394,PRO
2395,PRO
2396,TRP
2397,ALA
2398,LYS
2399,THR
2400,SER
2401,GLU
2402,GLU
2403,PHE
2404,VAL
2405,HIS
2406,ILE
2407,ASN
2408,ARG
2409,LEU
2410,ALA
2411,LEU
2412,GLU
2413,SER
2414,GLU
2415,PHE
2416,VAL
2417,SER
2418,CYS
2419,GLN
2420,LEU
2421,HIS
2422,GLN
2423,TRP
2424,ILE
2425,ASP
2426,LEU
2427,ILE
2428,PHE
2429,GLY
2430,TYR
2431,LYS
2432,GLN
2433,GLN
2434,GLY
2435,PRO
2436,GLU
2437,ALA
2438,VAL
2439,ARG
2440,ALA
2441,LEU
2442,ASN
2443,VAL
2444,PHE
2445,TYR
2446,TYR
2447,LEU
2448,THR
2449,TYR
2450,GLU
2451,GLY
2452,ALA
2453,VAL
2454,ASN
2455,LEU
2456,ASN
2457,SER
2458,ILE
2459,THR
2460,ASP
2461,PRO
2462,VAL
2463,LEU
2464,ARG
2465,GLU
2466,ALA
2467,VAL
2468,GLU
2469,ALA
2470,GLN
2471,ILE
2472,ARG
2473,SER
2474,PHE
2475,GLY
2476,GLN
2477,THR
2478,PRO
2479,SER
2480,GLN
2481,LEU
2482,LEU
2483,ILE
2484,GLU
2485,PRO
2486,HIS
2487,PRO
2488,PRO
2489,ARG
