1A52,1E3G,1ERE,1ERR,1G50,1GS4,1GWQ,1GWR,1HCQ,1KV6
1L2I,1L2J,1M2Z,1NDE,1NHZ,1P93,1PCG,1QKM,1QKT,1QKU
1R5K,1SJ0,1T5Z,1T63,1T65,1TFC,1U3Q,1U3R,1U3S,1U9E
1UOM,1X76,1X78,1X7B,1X7E,1X7J,1X7R,1XJ7,1XOW,1XP1
1XP6,1XP9,1XPC,1XQ3,1XQC,1YIM,1YIN,1YY4,1YYE,1Z95
1ZAF,1ZKY,2AM9,2AMA,2AMB,2AO6,2AX6,2AX7,2AX8,2AX9
2AXA,2AYR,2B1V,2B1Z,2B23,2BJ4,2E2R,2EWP,2FAI,2FSZ
2G44,2G5O,2GIU,2GP7,2GPO,2GPP,2GPU,2GPV,2HVC,2I0G
2I0J,2IOG,2IOK,2J7X,2J7Y,2JF9,2JFA,2JJ3,2NV7,2OCF
2OUZ,2OZ7,2P15,2P7A,2P7G,2P7Z,2PIO,2PIP,2PIQ,2PIR
2PIT,2PIU,2PIV,2PIW,2PIX,2PJL,2PKL,2PNU,2POG,2Q6J
2Q70,2Q7I,2Q7J,2Q7K,2Q7L,2QA6,2QA8,2QAB,2QE4,2QGT
2QGW,2QH6,2QR9,2QSE,2QTU,2QXM,2QXS,2QZO,2R6W,2R6Y
2YAT,2YHD,2YJA,2YJD,2YLO,2YLP,2YLQ,2YLY,2Z4B,2Z4J
2ZAS,2ZBS,2ZKC,3B5R,3B65,3B66,3B67,3B68,3BQD,3BTR
3CBO,3CBP,3CLD,3D24,3DT3,3E7C,3ERD,3ERT,3H52,3HLV
3HM1,3K22,3K23,3K6P,3L03,3L3X,3L3Z,3OLL,3OLS,3OMO
3OMP,3OMQ,3OS8,3OS9,3OSA,3Q95,3RLJ,3RLL,3UU7,3UUA
3UUC,3UUD,3V49,3V4A,4AA6,4CSJ,4DMA,4E2J,4HLW,4HN5
4HN6,4IU7,4IUI,4IV2,4IV4,4IVW,4IVY,4IW6,4IW8,4IWC
4IWF,4J24,4J26,4JC3,4JDD,4K7A,4LSJ,4MDD,4MG5,4MG6
4MG7,4MG8,4MG9,4MGA,4MGB,4MGC,4MGD,4O6F,4OEA,4OED
4OEY,4OEZ,4OFR,4OFU,4OGH,4OH5,4OH6,4OHA,4OIL,4OIU
4OJ9,4OJB,4OK1,4OKB,4OKT,4OKW,4OKX,4OLM,4P6W,4P6X
4PP6,4PPP,4PPS,4PXM,4Q13,4Q50,4QL8,4TUZ,4TV1,4UDC
4UDD,4X1F,4X1G,4XI3,4ZI1,4ZN7,4ZN9,4ZNH,4ZNS,4ZNT
4ZNU,4ZNV,4ZNW,5AAU,5AAV,5ACC,5AK2,5CC1,5CJ6,5DI7
5DID,5DIE,5DIG,5DK9,5DKB,5DKE,5DKG,5DKS,5DL4,5DLR
5DMC,5DMF,5DP0,5DRJ,5DRM,5DTV,5DU5,5DUE,5DUG,5DUH
5DVS,5DVV,5DWE,5DWG,5DWI,5DWJ,5DX3,5DXB,5DXE,5DXG
5DXK,5DXM,5DXP,5DXQ,5DXR,5DY8,5DYB,5DYD,5DZ0,5DZ1
5DZ3,5DZH,5DZI,5E0W,5E0X,5E14,5E15,5E19,5E1C,5E69
5E6A,5E6B,5E6C,5E6D,5EGV,5EHJ,5EI1,5EIT,5EMC,5EMP
5EMQ,5FQP,5FQR,5FQS,5FQT,5FQV,5G3J,5G5W,5GS4,5GTR
5HYR,5JJM,5JMM,5KCC,5KCD,5KCE,5KCF,5KCT,5KCU,5KCW
5KD9,5KR9,5KRA,5KRC,5KRF,5KRH,5KRI,5KRJ,5KRK,5KRL
5KRM,5KRO,5N10,5NFP,5NFT,5T1Z,5T8E,5T8J,5T92,5T97
5TLD,5TLF,5TLG,5TLL,5TLM,5TLO,5TLP,5TLT,5TLU,5TLV
5TLX,5TLY,5TM1,5TM2,5TM3,5TM4,5TM5,5TM6,5TM7,5TM8
5TM9,5TML,5TMM,5TMO,5TMQ,5TMR,5TMS,5TMT,5TMU,5TMV
5TMW,5TMZ,5TN1,5TN3,5TN4,5TN5,5TN6,5TN7,5TN8,5TN9
5TNB,5TOA,5U2B,5U2D,5UC3,5UFS,5UFW,5UFX,5V8Q,5VA0
5VA7,5VO4,5W9C,5W9D,5WGD,5WGQ,5YSO,6A6K,6B0F,6BQU
6BSF,6C42,6CBZ,6CFN,6CHW,6CHZ,6CZN,6D0F,6DF6,6DFN
6DXK,6EL6,6EL7,6EL9,6HHP,6HKB,6HKF,6HMU,6I61,6I62
6I63,6I64,6I65,6I66,6I67,6IAR,6K3N,6KNR,6LIT,6LN4
6NWK,6NWL,6OWC,6PET,6PFM,6PIT,6PSJ,6SBO,6SQ0,6SUO
6TJM,6TL3,6V87,6V8T,6VGH,6VJD,6VPF,6W9K,6W9L,6W9M
6WOK,6X6D,6X6E,6XXC,6XY5,6Y18,6Y1D,6Y3W,6Y58,6YMO
6YO8,6YOS,6ZOQ,6ZOR,6ZOS,7B9M,7B9R,7B9T,7BA3,7BA5
7BA6,7BA7,7BA8,7BA9,7BAA,7BAB,7E2E,7JHD,7KBS,7MSA
7N9O,7NDO,7NEL,7NFB,7NFW,7NIZ,7OPW,7OQ7,7OQ8,7PRV
7PRW,7PRX,7PWT,7PWZ,7QVJ,7QVL,7R62,7RKE,7RNM,7RRX
7RRY,7RRZ,7RS0,7RS1,7RS2,7RS3,7RS4,7RS7,7RS8,7RS9
7SFO,7T2X,7TE7,7UJ7,7UJ8,7UJC,7UJF,7UJM,7UJO,7UJW
7UJY,7WNV,7XVY,7XVZ,7XWP,7XWQ,7XWR,7Y8F,7Y8G,7YMK
7YXC,7YXD,7YXN,7YXO,7YXP,7YXR,7ZTV,7ZTX,7ZTZ,7ZU1
7ZU2,8A9G,8AFN,8AI0,8ALR,8ALT,8ALV,8ALW,8AM7,8ANF
8AOY,8APS,8AQ1,8AQC,8AQE,8AQZ,8AR4,8AR5,8ARG,8ARO
8ARQ,8ARR,8ARW,8ARX,8ARY,8ARZ,8AS1,8AT9,8ATP,8AU2
8AUS,8AUY,8AV3,8AV4,8AV7,8AV8,8AWG,8AXE,8AXU,8AZE
8B39,8B4Q,8BJG,8BJN,8BM5,8BWJ,8BWX,8BWZ,8BX0,8BX3
8BX4,8BXI,8BXM,8BXN,8BXO,8BXQ,8BXS,8BY9,8BYB,8BYC
8BYD,8BYE,8BYF,8BYG,8BYO,8BYY,8BYZ,8BZ0,8BZ9,8BZA
8BZB,8BZC,8BZD,8BZE,8BZF,8BZG,8BZH,8BZT,8BZW,8C04
8C0K,8C0L,8C42,8C4F,8C4G,8DU6,8DU8,8DU9,8DUB,8DUC
8DUD,8DUG,8DUH,8DUI,8DUK,8DUS,8DV5,8DV7,8DV8,8DVB
8E1A,8EV1,8EV2,8FGY,8FGZ,8FH0,8FH1,8FH2,8IFO,8RM6
8RM7,8VKZ,8VV1,8VYT,8VYX,8VZ0,8VZ1,8VZP,8VZQ,8W03
8W07,9BPX,9BQE,9BU1,9KNC,9KND,9KNE,9KNF,9KNG,
